task,ref,name,metric,ref_mean,mean,delta,n_ref,n,welch_p,paired_p,cohen_d
all,NL messaging,"Frontier team, no comm",success,0.8125,0.7737499999999999,0.03875000000000006,5,5,0.1544520011855884,0.0036992544979362937,0.9979253089684598
all,NL messaging,Oracle sharing,success,0.8125,0.82125,-0.008750000000000036,5,5,0.7749729596727029,0.48139892331316947,-0.1872501316602958
all,NL messaging,Random-walk team,success,0.8125,0.02375,0.78875,5,5,4.337847585393487e-07,3.2442835025723165e-06,25.44437580611089
all,NL messaging,Single ground frontier,success,0.8125,0.49375,0.31875,5,5,1.9020321807120153e-06,6.867646696199069e-05,8.714448108710958
all,NL messaging,Symbolic messaging,success,0.8125,0.7925000000000001,0.019999999999999907,5,5,0.4739735838929242,0.11507971437013231,0.47518347875162753
attribute,NL messaging,"Frontier team, no comm",success,0.8049999999999999,0.7299999999999999,0.07500000000000007,5,5,0.20352793309887673,0.00901448133390893,0.8770580193070301
attribute,NL messaging,Oracle sharing,success,0.8049999999999999,0.825,-0.020000000000000018,5,5,0.6821553311723211,0.2942563680244263,-0.26891705818112593
attribute,NL messaging,Random-walk team,success,0.8049999999999999,0.025,0.7799999999999999,5,5,1.3291157230175174e-05,4.334401330598223e-05,13.488936276414044
attribute,NL messaging,Single ground frontier,success,0.8049999999999999,0.43,0.37499999999999994,5,5,0.00011818308315735286,5.6888958589904545e-05,4.432905934241562
attribute,NL messaging,Symbolic messaging,success,0.8049999999999999,0.765,0.039999999999999925,5,5,0.4117969465987658,0.14035738661899455,0.5487954724560271
exact,NL messaging,"Frontier team, no comm",success,0.845,0.7850000000000001,0.05999999999999983,5,5,0.03527877769829997,0.024043528799373787,1.5999999999999956
exact,NL messaging,Oracle sharing,success,0.845,0.8549999999999999,-0.009999999999999898,5,5,0.8044868659897979,0.6884570897760038,-0.16398401233815593
exact,NL messaging,Random-walk team,success,0.845,0.03,0.815,5,5,1.71630905624839e-07,2.304479280985536e-06,29.75959229111402
exact,NL messaging,Single ground frontier,success,0.845,0.53,0.31499999999999995,5,5,0.0010672132924193752,0.0017336594782365368,4.211715503928715
exact,NL messaging,Symbolic messaging,success,0.845,0.8600000000000001,-0.015000000000000124,5,5,0.5653430634199573,0.208,-0.37947331922020866
mixed,NL messaging,"Frontier team, no comm",success,0.85,0.7849999999999999,0.06500000000000006,5,5,0.05109768381170339,0.0014300133813439143,1.4649340415294305
mixed,NL messaging,Oracle sharing,success,0.85,0.8525,-0.0025000000000000577,5,5,0.9201777607736474,0.7039999999999985,-0.0654069940167744
mixed,NL messaging,Random-walk team,success,0.85,0.0225,0.8275,5,5,2.767425479900654e-09,4.345058885881183e-06,25.76831505174642
mixed,NL messaging,Single ground frontier,success,0.85,0.525,0.32499999999999996,5,5,2.5512891916316264e-06,0.00024352819930216116,7.666981720054654
mixed,NL messaging,Symbolic messaging,success,0.85,0.8549999999999999,-0.004999999999999893,5,5,0.8166267421962752,0.47662066727283975,-0.15227739752537303
relational,NL messaging,"Frontier team, no comm",success,0.825,0.8099999999999999,0.015000000000000013,5,5,0.7227820899872126,0.6213082950374974,0.2326700202988446
relational,NL messaging,Oracle sharing,success,0.825,0.82,0.0050000000000000044,5,5,0.8946349466274599,0.7780495489000209,0.08646754023342346
relational,NL messaging,Random-walk team,success,0.825,0.025,0.7999999999999999,5,5,4.559185645608692e-07,3.643113827448355e-06,17.75040627920733
relational,NL messaging,Single ground frontier,success,0.825,0.495,0.32999999999999996,5,5,1.8273905061032334e-05,0.00010522564362132567,5.706857655405942
relational,NL messaging,Symbolic messaging,success,0.825,0.7550000000000001,0.06999999999999984,5,5,0.07422190457120496,0.0017051574847275742,1.3055067315364364
synonym,NL messaging,"Frontier team, no comm",success,0.775,0.7699999999999999,0.0050000000000001155,5,5,0.9391606989930682,0.8797762036739479,0.04984447862792383
synonym,NL messaging,Oracle sharing,success,0.775,0.7849999999999999,-0.009999999999999898,5,5,0.8921285610289884,0.6482612949673076,-0.08856148855400862
synonym,NL messaging,Random-walk team,success,0.775,0.015000000000000003,0.76,5,5,5.7671608736961104e-05,6.857967751975044e-05,9.786106255690688
synonym,NL messaging,Single ground frontier,success,0.775,0.52,0.255,5,5,0.003129819605804481,0.0030608610699767447,2.873524466076957
synonym,NL messaging,Symbolic messaging,success,0.775,0.79,-0.015000000000000013,5,5,0.8369334005811582,0.20800000000000032,-0.1345007518986662
