group,task,kind,name,metric,n,mean,std,ci_lo,ci_hi,min,max
sweep_K,mixed,method,NL messaging,success,20,0.8474999999999999,0.03051099887961026,0.834375,0.860625,0.8,0.8875
sweep_K,mixed,method,NL messaging,steps,20,62.034375,3.2149447358555427,60.690609374999994,63.433125,57.9625,68.575
sweep_K,mixed,method,NL messaging,spl,20,0.4559740138658353,0.035794859699356064,0.44039624323576254,0.4712179436538236,0.38760633442580666,0.5103185645744249
sweep_K,mixed,method,NL messaging,msgs,20,9.30875,2.177298014681693,8.378125,10.196890625000002,5.8625,11.9125
sweep_K,mixed,method,NL messaging,tokens,20,62.21500000000001,11.410474325903602,57.292328125,66.87442187500001,43.325,75.1625
sweep_K,mixed,method,NL messaging,overlap,20,0.30989345640136634,0.016252578617761866,0.3031156777423042,0.31717143524099306,0.28458147091760555,0.3475646763071905
sweep_K,mixed,method,NL messaging,aerial_find,20,0.11499999999999996,0.04490487020826419,0.09562499999999999,0.134375,0.025,0.1875
sweep_K,mixed,baseline,Symbolic messaging,success,20,0.844375,0.025480578259157553,0.8331250000000001,0.8550000000000001,0.8,0.8875
sweep_K,mixed,baseline,Symbolic messaging,steps,20,60.70562500000001,3.3633998380202645,59.269984375,62.15878125000001,55.5,66.775
sweep_K,mixed,baseline,Symbolic messaging,spl,20,0.4699962453761857,0.040333011347207695,0.4525526789680036,0.4871501317882057,0.40654085795186373,0.535800360179489
sweep_K,mixed,baseline,Symbolic messaging,msgs,20,9.380625,2.214714083215876,8.433093750000001,10.283140625,5.775,12.0875
sweep_K,mixed,baseline,Symbolic messaging,tokens,20,31.005000000000006,5.81851683488969,28.494234374999998,33.35312499999999,21.025,37.75
sweep_K,mixed,baseline,Symbolic messaging,overlap,20,0.30290274974345516,0.011521081656618807,0.29800504886652573,0.3079274363170135,0.2845406314050993,0.32668932011988777
sweep_K,mixed,baseline,Symbolic messaging,aerial_find,20,0.09562499999999999,0.053075634959139105,0.07312500000000001,0.11937499999999998,0.025,0.1875
